classifier,var,acc_raw_clean,acc_raw_att,acc_acra_att
nb,0.5,0.8763557483731019,0.5748373101952278,0.8872017353579176
