classifier,var,acc_raw_clean,acc_raw_att,acc_acra_att
nb,0.5,0.9088937093275488,0.8199566160520607,0.8806941431670282
