classifier,var,acc_raw_clean,acc_raw_att,acc_acra_att
nb,0.5,0.8741865509761388,0.7852494577006508,0.8568329718004338
