classifier,var,acc_raw_clean,acc_raw_att,acc_acra_att
nb,0.5,0.9067245119305857,0.6334056399132321,0.9392624728850325
