classifier,var,acc_raw_clean,acc_raw_att,acc_acra_att
nb,0,0.8980477223427332,0.8091106290672451,0.8741865509761388
