classifier,var,acc_raw_clean,acc_raw_att,acc_acra_att
nn,0.1,0.9370932754880694,0.6334056399132321,0.8893709327548807
nb,0.1,0.8828633405639913,0.8156182212581344,0.9262472885032538
rf,0.1,0.9154013015184381,0.7418655097613883,0.7960954446854663
lr,0.1,0.9349240780911063,0.6789587852494577,0.9002169197396963
