classifier,var,acc_raw_clean,acc_raw_att,acc_acra_att
nn,0.1,0.9327548806941431,0.631236442516269,0.8937093275488069
nb,0.1,0.8806941431670282,0.7657266811279827,0.9262472885032538
rf,0.1,0.8937093275488069,0.7136659436008677,0.7852494577006508
lr,0.1,0.9154013015184381,0.6702819956616052,0.8980477223427332
