classifier,var,acc_raw_clean,acc_raw_att,acc_acra_att
nn,0.1,0.9154013015184381,0.5574837310195228,0.8872017353579176
nb,0.1,0.8546637744034707,0.7657266811279827,0.9045553145336226
rf,0.1,0.8785249457700651,0.6832971800433839,0.7635574837310195
lr,0.1,0.913232104121475,0.6247288503253796,0.8872017353579176
