classifier,var,acc_raw_clean,acc_raw_att,acc_acra_att
nn,0.1,0.9240780911062907,0.5770065075921909,0.9002169197396963
nb,0.1,0.8720173535791758,0.5422993492407809,0.96529284164859
rf,0.1,0.8893709327548807,0.7158351409978309,0.7765726681127982
lr,0.1,0.9197396963123644,0.6377440347071583,0.9175704989154013
