classifier,var,acc_raw_clean,acc_raw_att,acc_acra_att
nn,0.1,0.9392624728850325,0.5856832971800434,0.9197396963123644
nb,0.1,0.8937093275488069,0.789587852494577,0.9761388286334056
rf,0.1,0.9045553145336226,0.7310195227765727,0.7960954446854663
lr,0.1,0.9436008676789588,0.6550976138828634,0.9154013015184381
