classifier,var,acc_raw_clean,acc_raw_att,acc_acra_att
nb,0.5,0.9002169197396963,0.7960954446854663,0.8698481561822126
