classifier,var,acc_raw_clean,acc_raw_att,acc_acra_att
nb,0.5,0.9067245119305857,0.8308026030368764,0.8915401301518439
