classifier,var,acc_raw_clean,acc_raw_att,acc_acra_att
nb,0.5,0.8893709327548807,0.8112798264642083,0.8915401301518439
