classifier,var,acc_raw_clean,acc_raw_att,acc_acra_att
nb,0.5,0.9154013015184381,0.806941431670282,0.8850325379609545
