classifier,var,acc_raw_clean,acc_raw_att,acc_acra_att
nb,0.5,0.8633405639913232,0.7657266811279827,0.8633405639913232
