classifier,var,acc_raw_clean,acc_raw_att,acc_acra_att
nb,0.5,0.8676789587852495,0.7744034707158352,0.8850325379609545
