classifier,var,acc_raw_clean,acc_raw_att,acc_acra_att
nb,0,0.8872017353579176,0.596529284164859,0.89587852494577
