classifier,var,acc_raw_clean,acc_raw_att,acc_acra_att
nb,0,0.911062906724512,0.6008676789587852,0.9262472885032538
