classifier,var,acc_raw_clean,acc_raw_att,acc_acra_att
nb,0,0.8785249457700651,0.789587852494577,0.8741865509761388
