classifier,var,acc_raw_clean,acc_raw_att,acc_acra_att
nb,0,0.8676789587852495,0.7874186550976139,0.8720173535791758
