classifier,var,acc_raw_clean,acc_raw_att,acc_acra_att
nb,0,0.8633405639913232,0.7635574837310195,0.8568329718004338
