classifier,var,acc_raw_clean,acc_raw_att,acc_acra_att
nb,0,0.9045553145336226,0.8004338394793926,0.8763557483731019
