classifier,var,acc_raw_clean,acc_raw_att,acc_acra_att
nb,0,0.8828633405639913,0.7809110629067245,0.8611713665943601
