classifier,var,acc_raw_clean,acc_raw_att,acc_acra_att
nb,0,0.8720173535791758,0.7874186550976139,0.8611713665943601
