classifier,var,acc_raw_clean,acc_raw_att,acc_acra_att
nb,0,0.8828633405639913,0.7939262472885033,0.8720173535791758
